{
  "model_name": "all-MiniLM-L6-v2",
  "timestamp": "20251123_110713",
  "training_approach": "content-based",
  "training_params": {
    "batch_size": 16,
    "num_epochs": 4,
    "warmup_steps": 100,
    "evaluation_steps": 500,
    "loss_function": "ContrastiveLoss"
  },
  "dataset_stats": {
    "train_size": 4200,
    "val_size": 900,
    "test_size": 900,
    "train_positive_ratio": 0.5,
    "positive_pairs_different_titles": 0.9519047619047619
  },
  "performance": {
    "test_accuracy": 0.8966666666666666,
    "optimal_threshold": 0.8,
    "roc_auc": 0.952004938271605,
    "base_model_accuracy": 0.6533333333333333,
    "improvement": 0.2433333333333333,
    "separation": 0.31289494037628174,
    "separation_improvement": 0.19008463621139526,
    "positive_mean_similarity": 0.8951466083526611,
    "negative_mean_similarity": 0.5822516679763794
  },
  "confusion_matrix": [
    [
      415,
      35
    ],
    [
      58,
      392
    ]
  ]
}